SECCION,Circuito,Localidad,Electores
SAN FERNANDO,1,RESISTENCIA,"5,150"
SAN FERNANDO,2,RESISTENCIA,"4,706"
SAN FERNANDO,3,RESISTENCIA,"4,551"
SAN FERNANDO,4,RESISTENCIA,"4,998"
SAN FERNANDO,5A,RESISTENCIA,"9,934"
SAN FERNANDO,5B,RESISTENCIA,"7,317"
SAN FERNANDO,6,RESISTENCIA,"2,784"
SAN FERNANDO,7A,RESISTENCIA,"11,264"
SAN FERNANDO,7B,RESISTENCIA,"13,417"
SAN FERNANDO,8A,RESISTENCIA,"24,019"
SAN FERNANDO,8B,RESISTENCIA,"15,178"
SAN FERNANDO,9,BARRANQUERAS,"10,241"
SAN FERNANDO,,BARRANQUERAS,"9,892"
SAN FERNANDO,11A,BARRANQUERAS,"9,093"
SAN FERNANDO,11B,BARRANQUERAS,"19,388"
SAN FERNANDO,12,PUERTO VILELAS,"11,186"
SAN FERNANDO,13A,RESISTENCIA,"13,045"
SAN FERNANDO,13B,RESISTENCIA,"21,978"
SAN FERNANDO,14,RESISTENCIA,"5,974"
SAN FERNANDO,15,RESISTENCIA,"16,191"
SAN FERNANDO,16A,RESISTENCIA,"29,318"
SAN FERNANDO,16B,RESISTENCIA,"16,463"
SAN FERNANDO,16C,RESISTENCIA,"11,875"
SAN FERNANDO,17,RESISTENCIA,"3,907"
SAN FERNANDO,18,RESISTENCIA,"10,793"
SAN FERNANDO,19A,RESISTENCIA,"6,694"
SAN FERNANDO,19B,RESISTENCIA,"7,068"
SAN FERNANDO,20,RESISTENCIA,"1,955"
SAN FERNANDO,21,RESISTENCIA,"8,989"
SAN FERNANDO,22A,FONTANA,"8,971"
SAN FERNANDO,22B,FONTANA,"11,301"
SAN FERNANDO,23,PUERTO VIENTINI,"11,335"
SAN FERNANDO,24,COLONIA BARANDA,443
SAN FERNANDO,25,MARIA SARA,18
SAN FERNANDO,26,BASAIL,"5,291"
SAN FERNANDO,27,EL PALMAR,429
3 DE MAYO,28,COLONIA BENITEZ,"4,165"
2 DE MAYO,28A,ANTEQUERAS,898
1 DE MAYO,29,MARGARITA BELEN,"6,450"
0 DE MAYO,30,COSTA INE,203
1 DE MAYO,31,COLONIA SAN MIGUE,3
LIBERTAD,32,PUERTO TIROL,"9,336"
LIBERTAD,33,COLONIA POPULAR,"1,519"
LIBERTAD,34,LAGUNA BLANCA,947
LIBERTAD,35,FORTIN CARDOZO,18
LIBERTAD,36,GRAL. OBLIGADO,5
GENERAL DONOVAN,37,LAPACHITO,"1,065"
GENERAL DONOVAN,38,MAKALLE,"5,441"
GENERAL DONOVAN,39,LA VERDE,"3,081"
GENERAL DONOVAN,40,LA ESCONDIDA,"3,725"
FORTIN AGUILAR,41,COLONIA ELISA,"4,425"
FORTIN AGUILAR,42,CAPITAN SOLARI,"2,136"
FORTIN AGUILAR,43,COLONIAS UNIDAS,"3,897"
FORTIN AGUILAR,44,LAS GARCITAS,"5,211"
FORTIN AGUILAR,45,COLONIA SANTA ELENA,280
FORTIN AGUILAR,46,EL CURUNDU,188
FORTIN AGUILAR,47,PRESIDENCIA DE LA PLAZA,"10,328"
FORTIN AGUILAR,48,FORTIN AGUILAR,147
BERMEJO,49,ISLA DEL CERRITO,"1,854"
BERMEJO,50,CANCHA LARGA,519
BERMEJO,51,LAGUNA PATOS,213
BERMEJO,52,LAS PALMAS,"6,361"
BERMEJO,53,LA LEONESA,"9,173"
BERMEJO,54,GENERAL VEDIA,"3,291"
BERMEJO,55A,PUERTO BERMEJO,"2,024"
BERMEJO,55B,PUERTO EVA PERON,875
BERMEJO,56,EL RETIRO,12
BERMEJO,57,LAPACHO,261
LIBERTADOR GRAL. SAN MARTIN,58,SELVAS RIO DE ORO,920
LIBERTADOR GRAL. SAN MARTIN,59,LA EDUVIGIS,861
LIBERTADOR GRAL. SAN MARTIN,60,PAMPA ALMIRON,"2,005"
LIBERTADOR GRAL. SAN MARTIN,61,CAMPO BERMEJO,"1,555"
LIBERTADOR GRAL. SAN MARTIN,62,GRAL. SAN MARTIN,"27,285"
LIBERTADOR GRAL. SAN MARTIN,63,EL ZAPALLAR,708
LIBERTADOR GRAL. SAN MARTIN,64,PRESIDENCIA ROCA,"4,246"
LIBERTADOR GRAL. SAN MARTIN,65,PAMPA DEL INDIO,"13,464"
LIBERTADOR GRAL. SAN MARTIN,66,LAGUNA LIMIPIA,"1,578"
LIBERTADOR GRAL. SAN MARTIN,67,CIERVO PETISO,"1,100"
TAPENAGA,68,COTE LAI,"1,458"
TAPENAGA,69,LA SABANA,219
TAPENAGA,70,CHARADAI,"1,440"
TAPENAGA,71,HORQUILLA,114
TAPENAGA,72,HAUMONIA,41
SAN LORENZO,73,POZO COLORADO,229
SAN LORENZO,74,VILLA BERTHET,"11,554"
SAN LORENZO,75,SAMUHU,"1,587"
MAYOR LUIS J. FONTANA,76,ENRIQUE URIEN,"1,328"
MAYOR LUIS J. FONTANA,77,VILLA ANGELA,"6,763"
MAYOR LUIS J. FONTANA,78,VILLA ANGELA,"18,467"
MAYOR LUIS J. FONTANA,79,VILLA ANGELA,"14,200"
MAYOR LUIS J. FONTANA,80,CORONEL DU GRATY,"9,473"
MAYOR LUIS J. FONTANA,81,MESON DE FIERRO,368
MAYOR LUIS J. FONTANA,82,COLONIA JUAN JOSE PASO,694
O HIGGINS,83,COLONIA MATHEU,386
O HIGGINS,84,SAN BERNARDO,"9,294"
O HIGGINS,85,LA CLOTILDE,"4,301"
O HIGGINS,86,LA TIGRA,"4,426"
COMANDANTE FERNANDEZ,87,COLONIA BAJO HONDO,"1,833"
COMANDANTE FERNANDEZ,88,PCIA.ROQUE SAENZ PEÑA,"26,630"
COMANDANTE FERNANDEZ,89,PCIA.ROQUE SAENZ PEÑA,"24,041"
COMANDANTE FERNANDEZ,90,PCIA.ROQUE SAENZ PEÑA,"2,250"
COMANDANTE FERNANDEZ,91,PCIA.ROQUE SAENZ PEÑA,"3,917"
COMANDANTE FERNANDEZ,92,PCIA.ROQUE SAENZ PEÑA,"8,561"
COMANDANTE FERNANDEZ,93,PCIA.ROQUE SAENZ PEÑA,"2,862"
COMANDANTE FERNANDEZ,94,PCIA.ROQUE SAENZ PEÑA,"13,034"
COMANDANTE FERNANDEZ,95,LA MASCOTA,351
COMANDANTE FERNANDEZ,96,PAMPA AGUADO,"1,080"
COMANDANTE FERNANDEZ,97,LA CHIQUITA,604
QUITILIPI,98,QUITILIPI,"24,424"
QUITILIPI,99,PAMPA LA OLLA,878
QUITILIPI,100,EL PARAISAL,"1,872"
QUITILIPI,101,COL. EL TUCURUZAL,"2,111"
25 DE MAYO,102,PAMPA BANDERA,173
25 DE MAYO,103,TRES PALMAS,"1,003"
25 DE MAYO,104,MACHAGAI,"20,787"
25 DE MAYO,105,COLONIA ABORIGEN,"3,606"
25 DE MAYO,106,KILOMETRO 24,118
MAIPU,107,PAMPA FLORIDA,419
MAIPU,108,TRES ISLETAS,"20,867"
MAIPU,109,PAMPA TRES NACIONES,474
INDEPENDENCIA,110,PAMPA DEL REGIMIENTO,135
INDEPENDENCIA,111,NAPENAY,"3,307"
INDEPENDENCIA,112,AVIA TERAI,"6,461"
INDEPENDENCIA,113,CAMPO LARGO,"9,343"
INDEPENDENCIA,114,COLONIA JOSE MARMOL,304
GRAL. BELGRANO,115,CORZUELA,"10,573"
GRAL. BELGRANO,116,EL LORO BLANCO,2
9 DE JULIO,117,LAS BREÑAS,"23,287"
9 DE JULIO,117A,COLONIA JUAN LAVALLE,358
9 DE JULIO,118,PAMPA IPORA GUAZU Cant,858
9 DE JULIO,118A,LAS PIEDRITAS,644
CHACABUCO,119,CHARATA,"27,070"
CHACABUCO,120,EL PALMAR,894
12 DE OCTUBRE,121,EL PALMAR,993
12 DE OCTUBRE,122,GRAL. PINEDO,"13,263"
12 DE OCTUBRE,123,PAMPA LANDRIEL,594
12 DE OCTUBRE,124,GRAL. CAPDEVILA,671
12 DE OCTUBRE,125,GANCEDO,4428
2 DE ABRIL,126,HERMOSO CAMPO,6152
2 DE ABRIL,127,ZUBERBHULER,232
FRAY SANTA MARIA DE ORO,128,SANTA SILVINA,"8,583"
FRAY SANTA MARIA DE ORO,129,CHOROTIS,"1,536"
ALMIRANTE BROWN,130,CONCEPCION DEL BERMEJO,"5,417"
ALMIRANTE BROWN,131,PAMPA DEL INFIERNO,"9,823"
ALMIRANTE BROWN,132,LOS FRENTONES,"5,673"
ALMIRANTE BROWN,132A,RIO MUERTO,694
ALMIRANTE BROWN,133,TACO POZO,"9,128"
GENERAL GUEMES,134A,COMANDANCIA FRIAS,"1,603"
GENERAL GUEMES,134B,EL SAUZALITO,"5,489"
GENERAL GUEMES,134C,WICHI - EL PINTADO,"1,235"
GENERAL GUEMES,134D,MISION NUEVA POMPEYA,"6,049"
GENERAL GUEMES,135A,FUERTE ESPERANZA,"2,720"
GENERAL GUEMES,135B,MIRAFLORES,"10,261"
GENERAL GUEMES,135C,LAS HACHERAS,"1,498"
GENERAL GUEMES,136,JUAN JOSE CASTELLI,"29,597"
GENERAL GUEMES,137,ZAPARINQUI,"1,325"
GENERAL GUEMES,138A,EL ASUSTADO,608
GENERAL GUEMES,138B,EL ESPINILLO,"7,904"
GENERAL GUEMES,139,EL ESPINILLO,"3,269"
,,,"967,147"
