CIRCUITO,Municipio,Lugar,Electores
1,RESISTENCIA,RESISTENCIA,5150
2,RESISTENCIA,RESISTENCIA,4706
3,RESISTENCIA,RESISTENCIA,4551
4,RESISTENCIA,RESISTENCIA,4998
6,RESISTENCIA,RESISTENCIA,2784
9,BARRANQUERAS,BARRANQUERAS,10241
10,BARRANQUERAS,BARRANQUERAS,9892
12,PUERTO VILELAS,PUERTO VILELAS,11186
14,RESISTENCIA,RESISTENCIA,5974
15,RESISTENCIA,RESISTENCIA,16191
17,RESISTENCIA,RESISTENCIA,3907
18,RESISTENCIA,RESISTENCIA,10793
20,RESISTENCIA,RESISTENCIA,1955
21,RESISTENCIA,RESISTENCIA,8989
23,FONTANA,PUERTO VIENTINI,11335
24,RESISTENCIA,COLONIA BARANDA,443
25,RESISTENCIA,MARIA SARA,18
26,BASAIL,BASAIL,5291
27,RESISTENCIA,EL PALMAR,429
28,COLONIA BENITEZ,COLONIA BENITEZ,4165
29,MARGARITA BELÉN,MARGARITA BELEN,6450
30,MARGARITA BELÉN,COSTA INE,203
31,LA EDUVIGIS,COLONIA SAN MIGUEL,3
32,PUERTO TIROL,PUERTO TIROL,9336
33,COLONIA POPULAR,COLONIA POPULAR,1519
34,LAGUNA BLANCA,LAGUNA BLANCA,947
35,PUERTO TIROL,FORTIN CARDOZO,18
36,COTE LAI,GRAL. OBLIGADO,5
37,LAPACHITO,LAPACHITO,1065
38,MAKALLE,MAKALLE,5441
39,LA VERDE,LA VERDE,3081
40,LA ESCONDIDA,LA ESCONDIDA,3725
41,COLONIA ELISA,COLONIA ELISA,4425
42,CAPITAN SOLARI,CAPITAN SOLARI,2136
43,COLONIAS UNIDAS,COLONIAS UNIDAS,3897
44,LAS GARCITAS,LAS GARCITAS,5211
45,PRESIDENCIA DE LA PLAZA,COLONIA SANTA ELENA,280
46,PRESIDENCIA DE LA PLAZA,EL CURUNDU,188
47,PRESIDENCIA DE LA PLAZA,PRESIDENCIA DE LA PLAZA,10328
48,PRESIDENCIA DE LA PLAZA,FORTIN AGUILAR,147
49,ISLA DEL CERRITO,ISLA DEL CERRITO,1854
50,LA LEONESA,CANCHA LARGA,519
51,LA LEONESA,LAGUNA PATOS,213
52,LAS PALMAS,LAS PALMAS,6361
53,LA LEONESA,LA LEONESA,9173
54,GENERAL VEDIA,GENERAL VEDIA,3291
56,GENERAL VEDIA,EL RETIRO,12
57,LA LEONESA,LAPACHO,261
58,LA EDUVIGIS,SELVAS RIO DE ORO,920
59,LA EDUVIGIS,LA EDUVIGIS,861
60,PAMPA ALMIRON,PAMPA ALMIRON,2005
61,GENERAL SAN MARTIN,CAMPO BERMEJO,1555
62,GENERAL SAN MARTIN,GRAL. SAN MARTIN,27285
63,GENERAL SAN MARTIN,EL ZAPALLAR,708
64,PRESIDENCIA ROCA,PRESIDENCIA ROCA,4246
65,PAMPA DEL INDIO,PAMPA DEL INDIO,13464
66,LAGUNA LIMPIA,LAGUNA LIMIPIA,1578
67,CIERVO PETISO,CIERVO PETISO,1100
68,COTE LAI,COTE LAI,1458
69,CHARADAI,LA SABANA,219
70,CHARADAI,CHARADAI,1440
71,CHARADAI,HORQUILLA,114
72,CHARADAI,HAUMONIA,41
73,VILLA BERTHET,POZO COLORADO,229
74,VILLA BERTHET,VILLA BERTHET,11554
75,SAMUHU,SAMUHU,1587
76,ENRIQUE URIEN,ENRIQUE URIEN,1328
77,VILLA ANGELA,VILLA ANGELA,6763
78,VILLA ANGELA,VILLA ANGELA,18467
79,VILLA ANGELA,VILLA ANGELA,14200
80,CORONEL DU GRATY,CORONEL DU GRATY,9473
81,VILLA ANGELA,MESON DE FIERRO,368
82,VILLA ANGELA,COLONIA JUAN JOSE PASO,694
83,SAN BERNARDO,COLONIA MATHEU,386
84,SAN BERNARDO,SAN BERNARDO,9294
85,LA CLOTILDE,LA CLOTILDE,4301
86,LA TIGRA,LA TIGRA,4426
87,PRESIDENCIA ROQUE SAENZ PEÑA,COLONIA BAJO HONDO,1833
88,PRESIDENCIA ROQUE SAENZ PEÑA,PCIA.ROQUE SAENZ PEÑA,26630
89,PRESIDENCIA ROQUE SAENZ PEÑA,PCIA.ROQUE SAENZ PEÑA,24041
90,PRESIDENCIA ROQUE SAENZ PEÑA,PCIA.ROQUE SAENZ PEÑA,2250
91,PRESIDENCIA ROQUE SAENZ PEÑA,PCIA.ROQUE SAENZ PEÑA,3917
92,PRESIDENCIA ROQUE SAENZ PEÑA,PCIA.ROQUE SAENZ PEÑA,8561
93,PRESIDENCIA ROQUE SAENZ PEÑA,PCIA.ROQUE SAENZ PEÑA,2862
94,PRESIDENCIA ROQUE SAENZ PEÑA,PCIA.ROQUE SAENZ PEÑA,13034
95,PRESIDENCIA ROQUE SAENZ PEÑA,LA MASCOTA,351
96,PRESIDENCIA ROQUE SAENZ PEÑA,PAMPA AGUADO,1080
97,PRESIDENCIA ROQUE SAENZ PEÑA,LA CHIQUITA,604
98,QUITILIPI,QUITILIPI,24424
99,QUITILIPI,PAMPA LA OLLA,878
100,QUITILIPI,EL PARAISAL,1872
101,QUITILIPI,COL. EL TUCURUZAL,2111
102,MACHAGAI,PAMPA BANDERA,173
103,MACHAGAI,TRES PALMAS,1003
104,MACHAGAI,MACHAGAI,20787
105,MACHAGAI,COLONIA ABORIGEN,3606
106,MACHAGAI,KILOMETRO 24,118
107,TRES ISLETAS,PAMPA FLORIDA,419
108,TRES ISLETAS,TRES ISLETAS,20867
109,TRES ISLETAS,PAMPA TRES NACIONES,474
110,AVIA TERAI,PAMPA DEL REGIMIENTO,135
111,NAPENAY,NAPENAY,3307
112,AVIA TERAI,AVIA TERAI,6461
113,CAMPO LARGO,CAMPO LARGO,9343
114,CAMPO LARGO,COLONIA JOSE MARMOL,304
115,CORZUELA,CORZUELA,10573
116,CORZUELA,EL LORO BLANCO,2
117,LAS BREÑAS,LAS BREÑAS,23287
118,LAS BREÑAS,PAMPA IPORA GUAZU Cant,858
119,CHARATA,CHARATA,27070
120,CHARATA,EL PALMAR,894
121,GENERAL PINEDO,EL PALMAR,993
122,GENERAL PINEDO,GRAL. PINEDO,13263
123,GENERAL PINEDO,PAMPA LANDRIEL,594
124,GENERAL CAPDEVILA,GRAL. CAPDEVILA,671
125,GANCEDO,GANCEDO,4428
126,HERMOSO CAMPO,HERMOSO CAMPO,6152
127,HERMOSO CAMPO,ZUBERBHULER,232
128,SANTA SYLVINA,SANTA SILVINA,8583
129,CHOROTIS,CHOROTIS,1536
130,CONCEPCION DEL BERMEJO,CONCEPCION DEL BERMEJO,5417
131,PAMPA DEL INFIERNO,PAMPA DEL INFIERNO,9823
132,LOS FRENTONES,LOS FRENTONES,5673
133,TACO POZO,TACO POZO,9128
136,JUAN JOSE CASTELLI,JUAN JOSE CASTELLI,29597
137,JUAN JOSE CASTELLI,ZAPARINQUI,1325
139,EL ESPINILLO,EL ESPINILLO,3269
0117A,LAS BREÑAS,COLONIA JUAN LAVALLE,358
0118A,LAS BREÑAS,LAS PIEDRITAS,644
0011A,BARRANQUERAS,BARRANQUERAS,9093
0011B,BARRANQUERAS,BARRANQUERAS,19388
0132A,LOS FRENTONES,RIO MUERTO,694
0134A,FUERTE ESPERANZA,COMANDANCIA FRIAS,1603
0134B,EL SAUZALITO,EL SAUZALITO,5489
0134C,EL SAUZALITO,WICHI - EL PINTADO,1235
0134D,MISION NUEVA POMPEYA,MISION NUEVA POMPEYA,6049
0135A,FUERTE ESPERANZA,FUERTE ESPERANZA,2720
0135B,MIRAFLORES,MIRAFLORES,10261
0135C,MIRAFLORES,LAS HACHERAS,1498
0138A,JUAN JOSE CASTELLI,EL ASUSTADO,608
0138B,VILLA RIO BERMEJITO,EL ESPINILLO,7904
0013A,RESISTENCIA,RESISTENCIA,13045
0013B,RESISTENCIA,RESISTENCIA,21978
0016A,RESISTENCIA,RESISTENCIA,29318
0016B,RESISTENCIA,RESISTENCIA,16463
0016C,RESISTENCIA,RESISTENCIA,11875
0019A,RESISTENCIA,RESISTENCIA,6694
0019B,RESISTENCIA,RESISTENCIA,7068
0022A,FONTANA,FONTANA,8971
0022B,FONTANA,FONTANA,11301
0028A,COLONIA BENITEZ,ANTEQUERAS,898
0055A,PUERTO BERMEJO,PUERTO BERMEJO,2024
0055B,PUERTO EVA PERON,PUERTO EVA PERON,875
0005A,RESISTENCIA,RESISTENCIA,9934
0005B,RESISTENCIA,RESISTENCIA,7317
0007A,RESISTENCIA,RESISTENCIA,11264
0007B,RESISTENCIA,RESISTENCIA,13417
0008A,RESISTENCIA,RESISTENCIA,24019
0008B,RESISTENCIA,RESISTENCIA,15178
